{"((1, 1, 2, 3), (4, 3))": [-21.306621427539064, 68.09310222158895], "((1, 1, 2, 2), (2, 0))": [82.23350533102335, 0], "((1, 2, 2, 3), (3, 2))": [-24.248806737251808, 96.08410103615164], "((1, 1, 2, 2), (0, 0))": [99.20406470824315, 0], "((1, 1, 3, 3), (4, 2))": [-28.6307904, 0], "((3, 3, 3, 3), (2, 0))": [121.75313962305908, 145.24309842521808], "((1, 2, 2, 3), (5, 3))": [-30.36216972796457, 69.23527233941833], "((1, 3, 3, 3), (4, 1))": [3.7199999999999998, 0], "((2, 2, 3, 3), (5, 0))": [87.91753730134687, 0], "((1, 2, 2, 3), (1, 0))": [61.95026785507629, 138.3933955449161], "((1, 1, 3, 3), (3, 1))": [3.7199999999999998, 0], "((1, 3, 3, 3), (5, 0))": [67.6463090855663, 141.85348333209507], "((1, 1, 3, 3), (3, 0))": [87.5187892996855, 146.10701080559346], "((1, 2, 3, 3), (4, 2))": [-48.160353269759995, 97.32399555076321], "((1, 2, 3, 3), (4, 1))": [0, 79.78983178770588], "((1, 1, 3, 3), (4, 3))": [-29.279999999999998, 104.47545332549335], "((2, 2, 3, 3), (1, 0))": [38.96796836957047, 118.64246664852037], "((1, 1, 2, 3), (1, 1))": [12.804752525248533, 0], "((1, 1, 2, 3), (2, 2))": [-30.0, 55.28940885643908], "((1, 2, 3, 3), (3, 0))": [118.01465286190415, 146.9281164457309], "((2, 2, 3, 3), (3, 1))": [71.73756468451452, 0], "((1, 2, 3, 3), (0, 0))": [125.96663235695519, 146.87197914512706], "((2, 2, 3, 3), (2, 3))": [15.423919891779637, 134.7220683622254], "((2, 2, 3, 3), (2, 2))": [19.552099210566695, 0], "((1, 2, 3, 3), (5, 0))": [94.13616177183366, 57.44519589615588], "((1, 1, 3, 3), (5, 2))": [-52.00107448187195, 85.99095946681427], "((1, 2, 3, 3), (3, 2))": [-67.77942058797119, 134.84015068451646], "((1, 3, 3, 3), (1, 1))": [21.586842690701715, 0], "((1, 2, 3, 3), (4, 0))": [68.00672249574353, 139.38086570143156], "((3, 3, 3, 3), (5, 2))": [11.822467274089139, 81.63590847798616], "((1, 1, 2, 2), (6, 0))": [20.658613966624348, 140.59866721121455], "((1, 2, 3, 3), (2, 0))": [117.89672840462383, 142.4723211054481], "((2, 3, 3, 3), (1, 1))": [64.9234770045015, 0], "((2, 3, 3, 3), (3, 0))": [103.41772824009988, 146.092013946347], "((1, 2, 2, 3), (2, 2))": [-24.204360031693945, 0], "((2, 3, 3, 3), (1, 3))": [111.99415925958355, 141.26273541075102], "((1, 1, 2, 2), (3, 3))": [-30.0, 136.14894437513863], "((1, 3, 3, 3), (2, 1))": [61.09841890261832, 0], "((1, 2, 2, 3), (4, 3))": [-30.0, 109.7669505443725], "((1, 1, 2, 3), (4, 0))": [60.288633039404466, 133.06279571547995], "((3, 3, 3, 3), (3, 1))": [3.0, 141.16194737285707], "((1, 2, 3, 3), (5, 3))": [-41.65950358989306, 106.96718474718693], "((1, 1, 2, 3), (3, 0))": [101.44026064993592, 140.56199933536868], "((1, 2, 3, 3), (1, 3))": [-19.142687135445584, 145.6404532144296], "((1, 1, 2, 3), (3, 3))": [-25.544383746130947, 147.02294485444702], "((1, 1, 2, 3), (2, 3))": [-23.343948021039512, 140.69347127860115], "((1, 2, 2, 3), (2, 0))": [68.26745607434394, 124.04240121012798], "((1, 1, 3, 3), (1, 2))": [-30.0, 92.63108728682668], "((3, 3, 3, 3), (5, 0))": [66.78621066111151, 134.11578911196182], "((1, 2, 3, 3), (3, 3))": [5.906907140928256, 137.64814389002007], "((2, 3, 3, 3), (0, 0))": [126.68985110171113, 146.6224750151928], "((3, 3, 3, 3), (1, 3))": [47.70346004756668, 145.12942402790873], "((1, 1, 2, 3), (5, 3))": [-23.394250496288613, 93.44986103142672], "((3, 3, 3, 3), (4, 1))": [34.13348499128502, 0], "((1, 1, 3, 3), (5, 3))": [-30.0, 98.15048413981205], "((1, 2, 2, 3), (1, 2))": [-30.0, 38.901650473713836], "((2, 3, 3, 3), (2, 2))": [22.477743418755963, 0], "((2, 3, 3, 3), (4, 0))": [125.44556354572181, 89.42853155756035], "((3, 3, 3, 3), (3, 3))": [103.26116403406049, 143.55887161222716], "((1, 2, 3, 3), (4, 3))": [-31.823283679218093, 124.0584022399383], "((2, 2, 3, 3), (3, 3))": [84.58337933190182, 146.13582319342086], "((1, 2, 2, 3), (0, 0))": [68.46985615894629, 147.3782177910823], "((1, 2, 3, 3), (1, 0))": [121.82865772915412, 140.8839277244165], "((3, 3, 3, 3), (6, 0))": [108.9591825141061, 146.50750384170848], "((1, 1, 3, 3), (1, 3))": [-40.776934866363064, 127.01746428424363], "((2, 2, 3, 3), (3, 2))": [15.128205512687531, 118.66818534621096], "((2, 2, 3, 3), (5, 2))": [32.785290908321166, 0], "((1, 1, 3, 3), (1, 1))": [10.5395883456, 0], "((1, 1, 2, 2), (2, 3))": [-46.99029679301876, 130.33076219067965], "((1, 2, 2, 3), (2, 3))": [-58.47869162810409, 137.5063418164137], "((1, 1, 2, 3), (6, 0))": [68.97541287101637, 147.10009801472353], "((1, 3, 3, 3), (2, 3))": [-48.764303918814484, 135.62552679134737], "((1, 1, 2, 2), (5, 3))": [-25.738766501707776, 27.479966963485076], "((3, 3, 3, 3), (1, 2))": [39.70465839809403, 75.03945401879321], "((1, 1, 3, 3), (1, 0))": [123.17720201120758, 47.89102734270628], "((1, 1, 3, 3), (2, 1))": [21.33162176741939, 0], "((2, 2, 3, 3), (1, 1))": [11.262730160952177, 0], "((2, 2, 3, 3), (1, 3))": [9.508256832, 138.00983111155574], "((1, 3, 3, 3), (1, 0))": [122.30505436926266, 145.89398642420218], "((1, 1, 2, 3), (5, 2))": [-29.279999999999998, 90.61213499618584], "((1, 1, 2, 3), (1, 2))": [-30.0, 60.443962527127475], "((2, 3, 3, 3), (1, 2))": [11.620632, 131.1858200184822], "((3, 3, 3, 3), (2, 1))": [57.47866858574885, 0], "((3, 3, 3, 3), (0, 0))": [126.97253627845814, 142.21435266601918], "((2, 3, 3, 3), (2, 1))": [13.723653247948798, 36.22524770028691], "((1, 2, 2, 3), (3, 1))": [18.34926969710301, 0], "((2, 3, 3, 3), (5, 0))": [112.22068620078352, 48.014746999433626], "((2, 2, 3, 3), (5, 3))": [63.621685195705254, 0], "((1, 3, 3, 3), (1, 3))": [-38.98287562924072, 144.1043435607879], "((1, 1, 2, 2), (1, 0))": [81.75449786377837, 0], "((1, 2, 3, 3), (3, 1))": [57.110262107068536, 0], "((1, 3, 3, 3), (3, 2))": [-30.361317546766912, 138.63058283692644], "((1, 1, 3, 3), (0, 0))": [126.65321502225832, 121.499020506452], "((2, 3, 3, 3), (3, 3))": [113.64356725575153, 145.98537158642137], "((2, 3, 3, 3), (6, 0))": [88.32317000124675, 145.05199080613716], "((1, 1, 3, 3), (6, 0))": [72.07779838879065, 143.92459896348316], "((1, 3, 3, 3), (4, 3))": [-73.49957189759999, 125.77994255546811], "((3, 3, 3, 3), (2, 3))": [55.91191686848397, 138.86332433744053], "((1, 3, 3, 3), (5, 2))": [-44.79249219151642, 122.49691123305382], "((2, 2, 3, 3), (4, 0))": [99.6505211598736, 0], "((2, 2, 3, 3), (0, 0))": [80.54208629448665, 147.61954647289062], "((1, 3, 3, 3), (3, 3))": [-4.482683990532413, 147.4810929612608], "((1, 3, 3, 3), (5, 3))": [-54.96198996528332, 102.73015376966758], "((1, 2, 3, 3), (2, 3))": [-51.56791581723919, 139.73420726424033], "((2, 3, 3, 3), (4, 2))": [15.25623795434695, 0], "((1, 2, 2, 3), (3, 0))": [114.54580268412838, 94.09943781906416], "((2, 2, 3, 3), (1, 2))": [0, 23.674673578468216], "((1, 1, 2, 2), (1, 3))": [-30.0, 73.42572316436602], "((3, 3, 3, 3), (2, 2))": [21.48814790067999, 107.22553996907314], "((1, 1, 2, 2), (3, 0))": [66.96382868736146, 139.75684203168902], "((1, 3, 3, 3), (3, 1))": [67.96645935516871, 0], "((1, 3, 3, 3), (2, 2))": [-68.16164311349172, 129.95775860420406], "((1, 2, 3, 3), (6, 0))": [86.78594054444109, 141.5159235502691], "((1, 2, 2, 3), (5, 0))": [35.69870714563936, 0], "((1, 2, 2, 3), (5, 2))": [-45.724039871960876, 78.22096976949274], "((2, 2, 3, 3), (6, 0))": [44.167503488369334, 145.31591419775282], "((1, 1, 3, 3), (3, 2))": [-30.0, 116.07064109140336], "((1, 2, 2, 3), (3, 3))": [-39.05401026054919, 147.11287588373517], "((1, 1, 3, 3), (3, 3))": [-33.212046225774294, 146.7820827728138], "((1, 1, 3, 3), (2, 2))": [-48.9186167304192, 67.87013881728389], "((1, 2, 3, 3), (2, 2))": [-38.12396883665607, 73.98268514487474], "((1, 2, 2, 3), (6, 0))": [59.96359399132705, 147.13232752945163], "((2, 3, 3, 3), (2, 3))": [82.31276794664826, 137.35569386579346], "((1, 1, 2, 3), (0, 0))": [127.24462759694627, 121.86224706907397], "((1, 1, 2, 3), (5, 0))": [83.01310108491785, 0], "((3, 3, 3, 3), (4, 3))": [10.03175328, 95.62130786055178], "((3, 3, 3, 3), (1, 0))": [119.33284118680824, 146.6858247725598], "((3, 3, 3, 3), (5, 3))": [36.36530772272301, 110.146665654551],