{"data": {"((2, 2, 4, 5, 5, 5, 5, 5), ())": [-191.31747304469124, -181.3914618632461], "((1, 1, 2, 2, 4, 5, 5, 5), ())": [-298.95815853625265, -223.57172348968697], "((1, 3, 5, 5, 5, 5, 5, 5), ())": [-217.76501816108052, -218.80990245487374], "((1, 1, 3, 4, 5, 5, 5, 5), ())": [-266.4664198430839, -283.8395550710996], "((1, 1, 3, 5, 5, 5, 5, 5), ())": [-221.37531333532104, -235.70177081511676], "((1, 2, 4, 4, 5, 5, 5, 5), ())": [-308.41927684428333, -218.44609079099496], "((3, 3, 5, 5, 5, 5, 5, 5), ())": [-88.3531749635972, -175.2167517355466], "((1, 2, 3, 5, 5, 5, 5, 5), ())": [-247.03309249974814, -243.71507398144666], "((1, 1, 2, 3, 3, 4, 5, 5), ())": [-375.74922788999305, -371.7891997522642], "((1, 5, 5, 5, 5, 5, 5, 5), ())": [-160.35026416512287, -127.1220830698093], "((1, 1, 3, 3, 4, 4, 5, 5), ())": [-305.8837879798523, -362.96291942698747], "((1, 2, 2, 3, 3, 4, 4, 5), ())": [-402.97867871222746, -392.9715403661909], "((2, 2, 3, 3, 4, 4, 5, 5), ())": [-302.0843261285098, -308.7067749218788], "((2, 4, 4, 5, 5, 5, 5, 5), ())": [-187.8929466542394, -177.48283763666285], "((1, 1, 4, 4, 5, 5, 5, 5), ())": [-234.18054613747412, -177.17913133338172], "((2, 3, 5, 5, 5, 5, 5, 5), ())": [-134.42199658621755, -203.28959497797197], "((1, 2, 3, 3, 5, 5, 5, 5), ())": [-261.7810034654988, -245.45390603028383], "((2, 3, 3, 4, 4, 5, 5, 5), ())": [-289.45458258250807, -298.21447175452397], "((1, 2, 3, 4, 4, 5, 5, 5), ())": [-359.9245642357455, -346.85010124005436], "((1, 1, 2, 2, 3, 3, 4, 5), ())": [-391.154199846585, -391.1152375764005], "((3, 4, 4, 5, 5, 5, 5, 5), ())": [-178.6497088600709, -303.1187293288151], "((1, 1, 5, 5, 5, 5, 5, 5), ())": [-147.35053882559396, -116.36097562250718], "((2, 2, 3, 4, 5, 5, 5, 5), ())": [-249.0424572394196, -273.40875166987394], "((1, 1, 2, 4, 5, 5, 5, 5), ())": [-280.4338366184826, -222.39724314257785], "((1, 2, 4, 5, 5, 5, 5, 5), ())": [-262.65455410650816, -225.05606448003547], "((1, 2, 2, 4, 5, 5, 5, 5), ())": [-293.5131821924307, -221.26395985414715], "((1, 1, 3, 4, 4, 5, 5, 5), ())": [-284.52022014556485, -341.95923238704484], "((1, 2, 2, 3, 4, 4, 5, 5), ())": [-380.7973926915885, -376.3602944773404], "((1, 1, 2, 2, 3, 3, 5, 5), ())": [-288.0908902193798, -289.8715197234949], "((1, 1, 2, 2, 3, 4, 4, 5), ())": [-391.9020364749945, -389.403307407829], "((2, 2, 3, 3, 4, 5, 5, 5), ())": [-281.6508000025762, -316.3254637706993], "((1, 2, 5, 5, 5, 5, 5, 5), ())": [-199.13668002900593, -130.1955473144902], "((1, 1, 2, 2, 3, 5, 5, 5), ())": [-263.80023604167786, -268.2049753293208], "((1, 1, 2, 2, 5, 5, 5, 5), ())": [-186.34787183055585, -101.41252300017193], "((1, 3, 4, 4, 5, 5, 5, 5), ())": [-287.5219138088122, -286.24857675589067], "((1, 1, 2, 2, 4, 4, 5, 5), ())": [-320.648534899703, -251.11158097795504], "((1, 2, 3, 3, 4, 5, 5, 5), ())": [-353.1732962811318, -344.87808092276134], "((5, 5, 5, 5, 5, 5, 5, 5), ())": [-104.35404973825322, -146.07405946572808], "((3, 4, 5, 5, 5, 5, 5, 5), ())": [-131.7770940719294, -223.69486009784697], "((1, 3, 4, 5, 5, 5, 5, 5), ())": [-266.54546620774664, -268.45277518260195], "((1, 1, 4, 5, 5, 5, 5, 5), ())": [-186.55204289135668, -166.99064399531548], "((2, 2, 3, 3, 5, 5, 5, 5), ())": [-122.79016372724523, -190.14607366338237], "((1, 3, 3, 4, 4, 5, 5, 5), ())": [-281.09539802264504, -287.81227166469154], "((2, 3, 4, 4, 5, 5, 5, 5), ())": [-250.96438287493137, -273.5008642241897], "((4, 5, 5, 5, 5, 5, 5, 5), ())": [-118.41322149312896, -170.74368456686202], "((2, 2, 4, 4, 5, 5, 5, 5), ())": [-217.97773675233643, -184.02925747955186], "((1, 1, 3, 3, 4, 5, 5, 5), ())": [-258.94986091494917, -291.9555561378245], "((1, 1, 3, 3, 5, 5, 5, 5), ())": [-216.68764549018076, -251.02534264927442], "((2, 5, 5, 5, 5, 5, 5, 5), ())": [-95.86544175625838, -126.5425555955716], "((1, 1, 2, 2, 3, 3, 4, 4), ())": [-419.5736965415813, -399.9845659667829], "((3, 5, 5, 5, 5, 5, 5, 5), ())": [-107.02418683266686, -191.6369545397868], "((1, 2, 3, 4, 5, 5, 5, 5), ())": [-346.59930178411093, -342.2075893768442], "((1, 1, 2, 5, 5, 5, 5, 5), ())": [-204.49527947007113, -115.47869417304194], "((1, 3, 3, 5, 5, 5, 5, 5), ())": [-227.83536244654476, -202.58008691831097], "((1, 4, 4, 5, 5, 5, 5, 5), ())": [-203.16889996467, -188.3097603778265], "((1, 1, 2, 3, 3, 4, 4, 5), ())": [-398.97774018431164, -386.1344163323959], "((2, 3, 3, 5, 5, 5, 5, 5), ())": [-129.62811375203125, -155.1351529585297], "((1, 2, 2, 3, 3, 4, 5, 5), ())": [-369.83495496852845, -373.2247353288962], "((1, 3, 3, 4, 5, 5, 5, 5), ())": [-279.2101750630818, -286.7961007804164], "((1, 2, 2, 4, 4, 5, 5, 5), ())": [-313.1231151024027, -265.7236102901337], "((1, 2, 2, 5, 5, 5, 5, 5), ())": [-169.63315598538253, -142.9794704501188], "((2, 2, 3, 4, 4, 5, 5, 5), ())": [-245.68025926961468, -306.58571986192374], "((1, 4, 5, 5, 5, 5, 5, 5), ())": [-192.28299577635107, -168.51596193992938], "((1, 1, 2, 3, 3, 5, 5, 5), ())": [-268.12815435070394, -250.89167735088904], "((2, 2, 5, 5, 5, 5, 5, 5), ())": [-75.86010693040373, -107.11580102043808], "((1, 1, 2, 3, 4, 4, 5, 5), ())": [-382.9223649081488, -372.25569278509795], "((1, 1, 2, 2, 3, 4, 5, 5), ())": [-382.8339374082047, -381.6827849137158], "((2, 2, 3, 5, 5, 5, 5, 5), ())": [-145.4900651912829, -141.7784234883491], "((1, 1, 2, 3, 4, 5, 5, 5), ())": [-347.7955954941818, -306.05051932799415], "((1, 2, 3, 3, 4, 4, 5, 5), ())": [-387.36192871639014, -382.6173411461826], "((1, 2, 2, 3, 5, 5, 5, 5), ())": [-253.6400778882708, -253.47462724457907], "((2, 4, 5, 5, 5, 5, 5, 5), ())": [-173.56248397206792, -171.69081974491755], "((4, 4, 5, 5, 5, 5, 5, 5), ())": [-166.18573285686182, -181.79438658326828], "((1, 1, 2, 4, 4, 5, 5, 5), ())": [-307.6669558992953, -230.0647335914209], "((1, 2, 2, 3, 3, 5, 5, 5), ())": [-274.5297654732365, -265.61469862450434], "((1, 2, 2, 3, 4, 5, 5, 5), ())": [-367.4102207136468, -358.7001432598389], "((2, 3, 3, 4, 5, 5, 5, 5), ())": [-240.58168137256575, -273.01394323666693], "((3, 3, 4, 5, 5, 5, 5, 5), ())": [-150.18077045275442, -301.98475205838525], "((3, 3, 4, 4, 5, 5, 5, 5), ())": [-227.40479957084494, -387.70321689311595], "((2, 3, 4, 5, 5, 5, 5, 5), ())": [-236.64380185380577, -237.62931153771567], "((1, 1, 2, 3, 5, 5, 5, 5), ())": [-234.81912655921775, -240.90020980520524]}, "options": {"width": 5, "shields_cooldown": []}}