{"((2, 4, 5, 5), (2, 1))": [87.55955369344484, 43.83278474670608], "((1, 3, 5, 5), (2, 2))": [-50.95655700658716, 149.45414529983933], "((2, 4, 5, 5), (4, 1))": [88.75330635727308, 0], "((2, 4, 5, 5), (2, 3))": [128.25128691456393, 149.9999999999998], "((1, 3, 5, 5), (1, 0))": [129.99996873626787, 149.9931002018147], "((5, 5, 5, 5), (0, 0))": [0, 9.0], "((2, 4, 5, 5), (6, 0))": [129.9999999999998, 149.9999999999998], "((2, 4, 5, 5), (1, 3))": [129.99999998973237, 149.96154393323377], "((1, 3, 5, 5), (5, 0))": [113.99468544556439, 149.9999999999998], "((1, 3, 5, 5), (3, 0))": [129.9999999999998, 149.9999999999998], "((2, 4, 5, 5), (1, 1))": [102.2206686974412, 30.296989297312905], "((1, 3, 5, 5), (3, 2))": [-30.0, 79.38735456244956], "((1, 3, 5, 5), (2, 0))": [128.94514554971695, 149.9999999999998], "((1, 3, 5, 5), (4, 0))": [9.1362624, 141.88991272841113], "((2, 4, 5, 5), (0, 0))": [3.0, 0], "((1, 3, 5, 5), (1, 2))": [-32.13876210919601, 149.9999999992359], "((2, 4, 5, 5), (4, 3))": [129.99795769362893, 92.56510783702822], "((1, 3, 5, 5), (0, 0))": [17.614461173795338, 102.35956780083714], "((3, 5, 5, 5), (0, 0))": [3.0, 0], "((1, 3, 5, 5), (4, 2))": [-57.31388734903095, 149.9993736642127], "((2, 4, 5, 5), (3, 1))": [0, 9.0], "((2, 4, 5, 5), (3, 3))": [23.69935482825833, 149.9999446488834]}